D,k,phi_c,theta_p,theta_i,app,api,bip,bii,diameter,roughness,living_agents,velocity,steps_taken,model_id
0.00027838890274055306,0.019258993156254293,0.01697467539459467,0.25581959374248986,0.46597465351223943,-0.38751652040518814,-0.015882473476231097,0.011598531864583492,0.25315748881548644,8.220466061560147,2.082539601052084,271,0.008387863988793065,1000,1719874190_98541_0
0.00027838890274055306,0.04228819165378809,0.03609974723309278,0.25581959374248986,0.46597465351223943,-0.38751652040518814,-0.015882473476231097,0.011598531864583492,0.25315748881548644,7.579070200005258,1.8688677488713321,96,0.007978705541104735,1000,1719874235_98541_1
0.00027838890274055306,0.04228819165378809,0.01697467539459467,0.3074209079146385,0.46597465351223943,-0.38751652040518814,-0.015882473476231097,0.011598531864583492,0.25315748881548644,6.484747755133123,1.4966008731093425,116,0.00664395608525592,1000,1719874279_98541_2
0.00027838890274055306,0.04228819165378809,0.01697467539459467,0.25581959374248986,0.2076100092381239,-0.38751652040518814,-0.015882473476231097,0.011598531864583492,0.25315748881548644,7.576558323830433,1.5939916545907893,119,0.007675119645276562,1000,1719874324_98541_3
0.00027838890274055306,0.04228819165378809,0.01697467539459467,0.25581959374248986,0.46597465351223943,-0.4617772503290325,-0.015882473476231097,0.011598531864583492,0.25315748881548644,6.8441794530963165,1.6278194310185994,129,0.007203003144254251,1000,1719874371_98541_4
0.00027838890274055306,0.04228819165378809,0.01697467539459467,0.25581959374248986,0.46597465351223943,-0.38751652040518814,-0.017712584212422375,0.011598531864583492,0.25315748881548644,6.935684170379734,1.5478939641529792,129,0.007128937015983383,1000,1719874415_98541_5
0.00027838890274055306,0.04228819165378809,0.01697467539459467,0.25581959374248986,0.46597465351223943,-0.38751652040518814,-0.015882473476231097,0.03081050965934992,0.25315748881548644,6.877221859550046,1.6132129128033428,125,0.007206621824752069,1000,1719874461_98541_6
0.00027838890274055306,0.04228819165378809,0.01697467539459467,0.25581959374248986,0.46597465351223943,-0.38751652040518814,-0.015882473476231097,0.011598531864583492,0.3230683251749724,6.6604702578719595,1.5198696716224875,123,0.006855404610049409,1000,1719874505_98541_7
0.0007987971274275333,0.019258993156254293,0.03609974723309278,0.3074209079146385,0.2076100092381239,-0.4617772503290325,-0.017712584212422375,0.03081050965934992,0.3230683251749724,8.048116582917906,2.0348169350870924,307,0.008117377846424079,1000,1719874552_98541_8
0.0008204796119127423,0.020625813491642477,0.0499698556214571,0.34058683179318905,0.10026608034968376,-0.6893631482496858,-0.031157258450984958,0.04858683958649636,0.5922486390918493,8.494286645187083,2.2393989956889415,250,0.008721602137746198,1000,1719874600_98541_9
1.8371742544695735e-05,0.020625813491642477,0.0499698556214571,0.34058683179318905,0.10026608034968376,-0.6893631482496858,-0.031157258450984958,0.04858683958649636,0.5922486390918493,0.0,0.0,0,0.0,1000,1719874644_98541_10
0.0008204796119127423,0.03966942120343447,0.0499698556214571,0.34058683179318905,0.10026608034968376,-0.6893631482496858,-0.031157258450984958,0.04858683958649636,0.5922486390918493,7.941633425281546,1.8994411268260902,125,0.008168482256350976,1000,1719874690_98541_11
0.0008204796119127423,0.020625813491642477,0.018114558830857275,0.34058683179318905,0.10026608034968376,-0.6893631482496858,-0.031157258450984958,0.04858683958649636,0.5922486390918493,7.9067525178045175,2.6213125301193405,387,0.008005326636948196,1000,1719874737_98541_12
0.0008204796119127423,0.020625813491642477,0.0499698556214571,0.25449360683560374,0.10026608034968376,-0.6893631482496858,-0.031157258450984958,0.04858683958649636,0.5922486390918493,9.134257195824253,1.9941969429101731,266,0.009115270138882386,1000,1719874785_98541_13
0.0008204796119127423,0.020625813491642477,0.0499698556214571,0.34058683179318905,0.3218495104461908,-0.6893631482496858,-0.031157258450984958,0.04858683958649636,0.5922486390918493,6.35964754684761,1.7668087800632888,180,0.006191352289968366,1000,1719874831_98541_14
0.0008204796119127423,0.020625813491642477,0.0499698556214571,0.34058683179318905,0.10026608034968376,-0.7400177825707942,-0.031157258450984958,0.04858683958649636,0.5922486390918493,8.510828506002937,1.8980396726434896,244,0.00873037252061315,1000,1719874879_98541_15
0.0008204796119127423,0.020625813491642477,0.0499698556214571,0.34058683179318905,0.10026608034968376,-0.6893631482496858,-0.04507889121770859,0.04858683958649636,0.5922486390918493,8.40641074769044,1.888810607527625,247,0.008785689091677096,1000,1719874925_98541_16
0.0008204796119127423,0.020625813491642477,0.0499698556214571,0.34058683179318905,0.10026608034968376,-0.6893631482496858,-0.031157258450984958,0.02854559451341629,0.5922486390918493,8.494286645187083,2.2393989956889415,250,0.008721602137746198,1000,1719874972_98541_17
0.0008204796119127423,0.020625813491642477,0.0499698556214571,0.34058683179318905,0.10026608034968376,-0.6893631482496858,-0.031157258450984958,0.04858683958649636,0.9463196476455777,7.987996425171689,2.1415208052587884,228,0.008125606061636965,1000,1719875019_98541_18
1.8371742544695735e-05,0.03966942120343447,0.018114558830857275,0.25449360683560374,0.3218495104461908,-0.7400177825707942,-0.04507889121770859,0.02854559451341629,0.9463196476455777,0.0,0.0,0,0.0,1000,1719875062_98541_19
0.0006139732890110463,0.03459736745804548,0.02605041325092316,0.1149141624569893,0.2611243277788162,-0.8129356663208455,-0.02051907949149609,0.03482847452163696,0.872045263275504,7.556939000135427,2.0059874375226263,183,0.007542126358951573,1000,1719875108_98541_20
0.0003688941942062229,0.03459736745804548,0.02605041325092316,0.1149141624569893,0.2611243277788162,-0.8129356663208455,-0.02051907949149609,0.03482847452163696,0.872045263275504,7.576482289581797,2.0288982006977907,148,0.00757078327485229,1000,1719875153_98541_21
0.0006139732890110463,0.042311492040753365,0.02605041325092316,0.1149141624569893,0.2611243277788162,-0.8129356663208455,-0.02051907949149609,0.03482847452163696,0.872045263275504,7.386827735452139,1.61438189446634,146,0.007301365242161347,1000,1719875199_98541_22
0.0006139732890110463,0.03459736745804548,0.02385233413428068,0.1149141624569893,0.2611243277788162,-0.8129356663208455,-0.02051907949149609,0.03482847452163696,0.872045263275504,7.4455534768805425,1.8732821053471118,196,0.007465407518577394,1000,1719875244_98541_23
0.0006139732890110463,0.03459736745804548,0.02605041325092316,0.48608657419681556,0.2611243277788162,-0.8129356663208455,-0.02051907949149609,0.03482847452163696,0.872045263275504,4.771109283143452,1.786354293763648,94,0.004784838618650311,1000,1719875289_98541_24
0.0006139732890110463,0.03459736745804548,0.02605041325092316,0.1149141624569893,0.1746033735573292,-0.8129356663208455,-0.02051907949149609,0.03482847452163696,0.872045263275504,7.7537027347677565,1.962528366524379,189,0.0077138120299533085,1000,1719875335_98541_25
0.0006139732890110463,0.03459736745804548,0.02605041325092316,0.1149141624569893,0.2611243277788162,-0.5202210326679051,-0.02051907949149609,0.03482847452163696,0.872045263275504,7.68874691874579,1.9587023132483947,176,0.007618133321890691,1000,1719875380_98541_26
0.0006139732890110463,0.03459736745804548,0.02605041325092316,0.1149141624569893,0.2611243277788162,-0.8129356663208455,-0.028497568704187872,0.03482847452163696,0.872045263275504,7.544434415434392,2.235965436926714,180,0.007531331409976749,1000,1719875427_98541_27
0.0006139732890110463,0.03459736745804548,0.02605041325092316,0.1149141624569893,0.2611243277788162,-0.8129356663208455,-0.02051907949149609,0.011969387084245681,0.872045263275504,7.556939000135427,2.0059874375226263,183,0.007542126358951573,1000,1719875473_98541_28
0.0006139732890110463,0.03459736745804548,0.02605041325092316,0.1149141624569893,0.2611243277788162,-0.8129356663208455,-0.02051907949149609,0.03482847452163696,0.07183967088349164,13.121392106293147,2.7880971008011466,398,0.013432867300605786,1000,1719875521_98541_29
0.0003688941942062229,0.042311492040753365,0.02385233413428068,0.48608657419681556,0.1746033735573292,-0.5202210326679051,-0.028497568704187872,0.011969387084245681,0.07183967088349164,6.752302045808604,1.6439406614367102,122,0.007167112639794555,1000,1719875566_98541_30
4.430799460969865e-05,0.01371704038232565,0.03841136258095503,0.48092835471034057,0.32038759142160417,-0.039886945765465476,-0.04525367941707373,0.02533774446696043,0.18319915961474179,7.481677169747165,1.5697677208083682,138,0.007997073366388663,1000,1719875611_98541_31
0.0005866474785003812,0.01371704038232565,0.03841136258095503,0.48092835471034057,0.32038759142160417,-0.039886945765465476,-0.04525367941707373,0.02533774446696043,0.18319915961474179,7.379671868602996,2.3457513656849187,316,0.007603408807285772,1000,1719875656_98541_32
4.430799460969865e-05,0.021313877180218696,0.03841136258095503,0.48092835471034057,0.32038759142160417,-0.039886945765465476,-0.04525367941707373,0.02533774446696043,0.18319915961474179,6.211214240297453,1.739242046842867,74,0.0069736182786317436,1000,1719875701_98541_33
4.430799460969865e-05,0.01371704038232565,0.04191443867981434,0.48092835471034057,0.32038759142160417,-0.039886945765465476,-0.04525367941707373,0.02533774446696043,0.18319915961474179,7.296328787089234,1.6100283530763233,135,0.007962767890069,1000,1719875746_98541_34
4.430799460969865e-05,0.01371704038232565,0.03841136258095503,0.12699890956282617,0.32038759142160417,-0.039886945765465476,-0.04525367941707373,0.02533774446696043,0.18319915961474179,11.165679215733915,2.4050590906893947,369,0.01242471978326476,1000,1719875793_98541_35
4.430799460969865e-05,0.01371704038232565,0.03841136258095503,0.48092835471034057,0.46031504273414614,-0.039886945765465476,-0.04525367941707373,0.02533774446696043,0.18319915961474179,7.119787212164504,1.5172293753372719,126,0.00789388282776926,1000,1719875838_98541_36
4.430799460969865e-05,0.01371704038232565,0.03841136258095503,0.48092835471034057,0.32038759142160417,-0.2047115649096668,-0.04525367941707373,0.02533774446696043,0.18319915961474179,7.389040558670289,1.5841989030970764,152,0.008050564256813053,1000,1719875884_98541_37
4.430799460969865e-05,0.01371704038232565,0.03841136258095503,0.48092835471034057,0.32038759142160417,-0.039886945765465476,-0.036210574470460416,0.02533774446696043,0.18319915961474179,7.4949058649168085,1.6445841170830156,141,0.008046370626401789,1000,1719875930_98541_38
4.430799460969865e-05,0.01371704038232565,0.03841136258095503,0.48092835471034057,0.32038759142160417,-0.039886945765465476,-0.04525367941707373,0.04984637875109911,0.18319915961474179,7.4601232250379885,1.6484683194291831,143,0.008019758145859646,1000,1719875975_98541_39
4.430799460969865e-05,0.01371704038232565,0.03841136258095503,0.48092835471034057,0.32038759142160417,-0.039886945765465476,-0.04525367941707373,0.02533774446696043,0.6952069530729205,5.7104495901882775,1.510937049689953,83,0.006184606504443635,1000,1719876020_98541_40
0.0005866474785003812,0.021313877180218696,0.04191443867981434,0.12699890956282617,0.46031504273414614,-0.2047115649096668,-0.036210574470460416,0.04984637875109911,0.6952069530729205,8.244992568877763,1.9883700764530094,215,0.008230890149553027,1000,1719876065_98541_41
0.00021077082267962396,0.03821088597178459,0.04130257472395897,0.43513818494975565,0.3896080192178488,-0.24887114111334085,-0.0266386166587472,0.03724393673241139,0.8121843532659113,4.959536583592679,1.4294316310331836,48,0.005243149590631879,1000,1719876109_98541_42
0.00014348755648359657,0.03821088597178459,0.04130257472395897,0.43513818494975565,0.3896080192178488,-0.24887114111334085,-0.0266386166587472,0.03724393673241139,0.8121843532659113,4.858302195594027,1.4982278265276137,43,0.004607751024344853,1000,1719876154_98541_43
0.00021077082267962396,0.04796883884817362,0.04130257472395897,0.43513818494975565,0.3896080192178488,-0.24887114111334085,-0.0266386166587472,0.03724393673241139,0.8121843532659113,4.354520602979679,1.3359413512478533,37,0.004153555536984266,1000,1719876198_98541_44
0.00021077082267962396,0.03821088597178459,0.046542047597467905,0.43513818494975565,0.3896080192178488,-0.24887114111334085,-0.0266386166587472,0.03724393673241139,0.8121843532659113,5.074560659389607,1.4140614143788985,39,0.0051557422293320165,1000,1719876243_98541_45
0.00021077082267962396,0.03821088597178459,0.04130257472395897,0.4261077597737313,0.3896080192178488,-0.24887114111334085,-0.0266386166587472,0.03724393673241139,0.8121843532659113,4.981418980114593,1.5360294225642945,48,0.005224520240910802,1000,1719876287_98541_46
0.00021077082267962396,0.03821088597178459,0.04130257472395897,0.43513818494975565,0.36660374887287617,-0.24887114111334085,-0.0266386166587472,0.03724393673241139,0.8121843532659113,4.959536583592679,1.4294316310331836,48,0.005243149590631879,1000,1719876331_98541_47
0.00021077082267962396,0.03821088597178459,0.04130257472395897,0.43513818494975565,0.3896080192178488,-0.015687874006107494,-0.0266386166587472,0.03724393673241139,0.8121843532659113,4.9076933357467025,1.4534564357083652,44,0.005210399335233817,1000,1719876376_98541_48
0.00021077082267962396,0.03821088597178459,0.04130257472395897,0.43513818494975565,0.3896080192178488,-0.24887114111334085,-0.033820352517068386,0.03724393673241139,0.8121843532659113,4.840241300594617,1.3163142597251516,48,0.004664128617381413,1000,1719876422_98541_49
0.00021077082267962396,0.03821088597178459,0.04130257472395897,0.43513818494975565,0.3896080192178488,-0.24887114111334085,-0.0266386166587472,0.04172087635844946,0.8121843532659113,4.959536583592679,1.4294316310331836,48,0.005243149590631879,1000,1719876467_98541_50
0.00021077082267962396,0.03821088597178459,0.04130257472395897,0.43513818494975565,0.3896080192178488,-0.24887114111334085,-0.0266386166587472,0.03724393673241139,0.5575793577823788,5.413416913378637,1.4985703407678648,48,0.0057088581981514785,1000,1719876511_98541_51
0.00014348755648359657,0.04796883884817362,0.046542047597467905,0.4261077597737313,0.36660374887287617,-0.015687874006107494,-0.033820352517068386,0.04172087635844946,0.5575793577823788,4.4483058599590075,1.7571575027630406,22,0.004443340137076923,1000,1719876555_98541_52
0.0006561874649208039,0.01971258908510208,0.014255335591733455,0.16912722922861578,0.2301494847983122,-0.5445724258664995,-0.0413582630455494,0.022902722395956518,0.005516528990119695,13.58898433775433,1.9611374730812052,862,0.013657920155466219,1000,1719876610_98541_53
0.000920094609297812,0.01971258908510208,0.014255335591733455,0.16912722922861578,0.2301494847983122,-0.5445724258664995,-0.0413582630455494,0.022902722395956518,0.005516528990119695,13.619094640827994,2.0290919841574375,1014,0.013580590123286558,1000,1719876666_98541_54
0.0006561874649208039,0.028381145633757113,0.014255335591733455,0.16912722922861578,0.2301494847983122,-0.5445724258664995,-0.0413582630455494,0.022902722395956518,0.005516528990119695,12.38047257405526,2.3297186338137448,563,0.012570656606497229,1000,1719876717_98541_55
0.0006561874649208039,0.01971258908510208,0.02956621736288071,0.16912722922861578,0.2301494847983122,-0.5445724258664995,-0.0413582630455494,0.022902722395956518,0.005516528990119695,13.8230704073771,1.9746003376964119,652,0.014329633076637595,1000,1719876770_98541_56
0.0006561874649208039,0.01971258908510208,0.014255335591733455,0.1858067072927952,0.2301494847983122,-0.5445724258664995,-0.0413582630455494,0.022902722395956518,0.005516528990119695,13.007925389859713,2.507403057014167,812,0.012981146945970357,1000,1719876825_98541_57
0.0006561874649208039,0.01971258908510208,0.014255335591733455,0.16912722922861578,0.2555014546960592,-0.5445724258664995,-0.0413582630455494,0.022902722395956518,0.005516528990119695,13.731681380576212,2.3294521015820737,862,0.013654811526562007,1000,1719876879_98541_58
0.0006561874649208039,0.01971258908510208,0.014255335591733455,0.16912722922861578,0.2301494847983122,-0.7097128393594175,-0.0413582630455494,0.022902722395956518,0.005516528990119695,13.520815091360518,1.9773641931788746,874,0.013522726914556693,1000,1719876933_98541_59
0.0006561874649208039,0.01971258908510208,0.014255335591733455,0.16912722922861578,0.2301494847983122,-0.5445724258664995,-0.021512639261782172,0.022902722395956518,0.005516528990119695,14.76431772538568,2.28662540263139,1028,0.014757360632968508,1000,1719876990_98541_60
0.0006561874649208039,0.01971258908510208,0.014255335591733455,0.16912722922861578,0.2301494847983122,-0.5445724258664995,-0.0413582630455494,0.018846172317862512,0.005516528990119695,13.488485871935334,2.2591354298399575,877,0.013620293696989139,1000,1719877044_98541_61
0.0006561874649208039,0.01971258908510208,0.014255335591733455,0.16912722922861578,0.2301494847983122,-0.5445724258664995,-0.0413582630455494,0.022902722395956518,0.23118219044990837,9.473270904265048,2.7840193873274544,521,0.009366744926158743,1000,1719877094_98541_62
0.000920094609297812,0.028381145633757113,0.02956621736288071,0.1858067072927952,0.2555014546960592,-0.7097128393594175,-0.021512639261782172,0.018846172317862512,0.23118219044990837,9.245043867188787,2.1846467244666012,315,0.009444352927295183,1000,1719877142_98541_63
0.0009173632478807122,0.04613532476127148,0.030359847135841847,0.39423810020089156,0.1820233602076769,-0.8921910914592445,-0.011959896460175513,0.019141556210815907,0.4308551072143018,6.2946810528641155,1.8922023065007856,137,0.006340438302725904,1000,1719877187_98541_64
0.0007126545546203852,0.04613532476127148,0.030359847135841847,0.39423810020089156,0.1820233602076769,-0.8921910914592445,-0.011959896460175513,0.019141556210815907,0.4308551072143018,6.429486966710814,2.034094947491828,112,0.006298034739109341,1000,1719877233_98541_65
0.0009173632478807122,0.01102229230105877,0.030359847135841847,0.39423810020089156,0.1820233602076769,-0.8921910914592445,-0.011959896460175513,0.019141556210815907,0.4308551072143018,7.287173677041778,3.2177757260466024,461,0.007448062956120157,1000,1719877282_98541_66
0.0009173632478807122,0.04613532476127148,0.013505870737135411,0.39423810020089156,0.1820233602076769,-0.8921910914592445,-0.011959896460175513,0.019141556210815907,0.4308551072143018,5.877858448700686,2.142662324332693,172,0.005704555980126083,1000,1719877328_98541_67
0.0009173632478807122,0.04613532476127148,0.030359847135841847,0.35480206012725835,0.1820233602076769,-0.8921910914592445,-0.011959896460175513,0.019141556210815907,0.4308551072143018,6.6943472544835565,1.928555180828409,140,0.0066731146146425295,1000,1719877374_98541_68
0.0009173632478807122,0.04613532476127148,0.030359847135841847,0.39423810020089156,0.4027438417077065,-0.8921910914592445,-0.011959896460175513,0.019141556210815907,0.4308551072143018,5.450545608844669,1.6501763822191515,119,0.005671051035580506,1000,1719877418_98541_69
0.0009173632478807122,0.04613532476127148,0.030359847135841847,0.39423810020089156,0.1820233602076769,-0.9072443730197847,-0.011959896460175513,0.019141556210815907,0.4308551072143018,6.2946810528641155,1.8922023065007856,137,0.006340438302725904,1000,1719877463_98541_70
0.0009173632478807122,0.04613532476127148,0.030359847135841847,0.39423810020089156,0.1820233602076769,-0.8921910914592445,-0.04489098817110062,0.019141556210815907,0.4308551072143018,6.144947491103481,1.9317751388386992,130,0.006039465742139982,1000,1719877509_98541_71
0.0009173632478807122,0.04613532476127148,0.030359847135841847,0.39423810020089156,0.1820233602076769,-0.8921910914592445,-0.011959896460175513,0.020423697009682655,0.4308551072143018,6.2946810528641155,1.8922023065007856,137,0.006340438302725904,1000,1719877554_98541_72
0.0009173632478807122,0.04613532476127148,0.030359847135841847,0.39423810020089156,0.1820233602076769,-0.8921910914592445,-0.011959896460175513,0.019141556210815907,0.7796134488191455,5.4918230527132765,1.832671375649419,108,0.00548831234447265,1000,1719877599_98541_73
0.0007126545546203852,0.01102229230105877,0.013505870737135411,0.35480206012725835,0.4027438417077065,-0.9072443730197847,-0.04489098817110062,0.020423697009682655,0.7796134488191455,5.906091429366252,2.455878189863344,236,0.0059589279213874136,1000,1719877645_98541_74
0.0004985239455569535,0.02716900266706944,0.02267593555152416,0.20946798324584961,0.4475365791469813,-0.12528772461228077,-0.03723071407526732,0.040985192880034445,0.652123446855694,6.971178303560475,2.191699551533184,198,0.006711633906068242,1000,1719877691_98541_75
0.0004909923084266484,0.02716900266706944,0.02267593555152416,0.20946798324584961,0.4475365791469813,-0.12528772461228077,-0.03723071407526732,0.040985192880034445,0.652123446855694,7.145891150448815,2.099115916952506,197,0.006837210389328052,1000,1719877737_98541_76
0.0004985239455569535,0.03002525918185711,0.02267593555152416,0.20946798324584961,0.4475365791469813,-0.12528772461228077,-0.03723071407526732,0.040985192880034445,0.652123446855694,6.975093932565818,1.9940309253215684,173,0.00672245678424821,1000,1719877781_98541_77
0.0004985239455569535,0.02716900266706944,0.030404784679412843,0.20946798324584961,0.4475365791469813,-0.12528772461228077,-0.03723071407526732,0.040985192880034445,0.652123446855694,7.126957676220329,1.7330427281442007,165,0.006913335268827595,1000,1719877828_98541_78
0.0004985239455569535,0.02716900266706944,0.02267593555152416,0.20828347131609917,0.4475365791469813,-0.12528772461228077,-0.03723071407526732,0.040985192880034445,0.652123446855694,7.087153435808047,1.9342365074600882,200,0.006835166939740578,1000,1719877874_98541_79
0.0004985239455569535,0.02716900266706944,0.02267593555152416,0.20946798324584961,0.11389496549963951,-0.12528772461228077,-0.03723071407526732,0.040985192880034445,0.652123446855694,8.053018827625385,2.1307263493101147,226,0.00814786574023947,1000,1719877921_98541_80
0.0004985239455569535,0.02716900266706944,0.02267593555152416,0.20946798324584961,0.4475365791469813,-0.2950193383730948,-0.03723071407526732,0.040985192880034445,0.652123446855694,6.745348439058606,1.9228770564223179,193,0.006627568111252202,1000,1719877966_98541_81
0.0004985239455569535,0.02716900266706944,0.02267593555152416,0.20946798324584961,0.4475365791469813,-0.12528772461228077,-0.012275638654828072,0.040985192880034445,0.652123446855694,7.069398759873608,2.056375655666364,193,0.006770743537400771,1000,1719878011_98541_82
0.0004985239455569535,0.02716900266706944,0.02267593555152416,0.20946798324584961,0.4475365791469813,-0.12528772461228077,-0.03723071407526732,0.03768113415688276,0.652123446855694,6.971178303560475,2.191699551533184,198,0.006711633906068242,1000,1719878057_98541_83
0.0004985239455569535,0.02716900266706944,0.02267593555152416,0.20946798324584961,0.4475365791469813,-0.12528772461228077,-0.03723071407526732,0.040985192880034445,0.4531003359239548,7.4513611070768855,1.972812932622565,218,0.007436941424251106,1000,1719878102_98541_84
0.0004909923084266484,0.03002525918185711,0.030404784679412843,0.20828347131609917,0.11389496549963951,-0.2950193383730948,-0.012275638654828072,0.03768113415688276,0.4531003359239548,8.95903907717352,1.973054125618681,194,0.009396595880627245,1000,1719878149_98541_85
0.0004201073279604316,0.032285617999732494,0.033782304674386976,0.1807121515274048,0.14226695485413077,-0.0642502760980278,-0.028890502862632277,0.03854488592594862,0.7496804085560143,7.806922278546806,1.659134505259783,144,0.00806728212289102,1000,1719878195_98541_86
0.0005598287924937904,0.032285617999732494,0.033782304674386976,0.1807121515274048,0.14226695485413077,-0.0642502760980278,-0.028890502862632277,0.03854488592594862,0.7496804085560143,7.9510229413983495,1.9089493709469902,172,0.008055567557146296,1000,1719878241_98541_87
0.0004201073279604316,0.03388894844800234,0.033782304674386976,0.1807121515274048,0.14226695485413077,-0.0642502760980278,-0.028890502862632277,0.03854488592594862,0.7496804085560143,7.847870027332926,1.687939546341031,140,0.008231692412742464,1000,1719878287_98541_88
0.0004201073279604316,0.032285617999732494,0.03839617770165205,0.1807121515274048,0.14226695485413077,-0.0642502760980278,-0.028890502862632277,0.03854488592594862,0.7496804085560143,8.14257395436277,1.971171713218599,135,0.008432861265260777,1000,1719878331_98541_89
0.0004201073279604316,0.032285617999732494,0.033782304674386976,0.16751303486526015,0.14226695485413077,-0.0642502760980278,-0.028890502862632277,0.03854488592594862,0.7496804085560143,8.010240628411557,1.9693394338840362,146,0.008350603349217667,1000,1719878377_98541_90
0.0004201073279604316,0.032285617999732494,0.033782304674386976,0.1807121515274048,0.4290283184498549,-0.0642502760980278,-0.028890502862632277,0.03854488592594862,0.7496804085560143,7.078501585287625,1.5931181264852126,131,0.007189868342120209,1000,1719878423_98541_91
0.0004201073279604316,0.032285617999732494,0.033782304674386976,0.1807121515274048,0.14226695485413077,-0.5440832572989165,-0.028890502862632277,0.03854488592594862,0.7496804085560143,7.694996180677239,1.7660569346990147,142,0.007905913735074658,1000,1719878467_98541_92
0.0004201073279604316,0.032285617999732494,0.033782304674386976,0.1807121515274048,0.14226695485413077,-0.0642502760980278,-0.030535584799945358,0.03854488592594862,0.7496804085560143,7.797395134304176,1.7296191137092185,147,0.008008015144307799,1000,1719878514_98541_93
0.0004201073279604316,0.032285617999732494,0.033782304674386976,0.1807121515274048,0.14226695485413077,-0.0642502760980278,-0.028890502862632277,0.013374147079885006,0.7496804085560143,7.782020417053059,1.7594163236019047,144,0.008032767538646606,1000,1719878560_98541_94
0.0004201073279604316,0.032285617999732494,0.033782304674386976,0.1807121515274048,0.14226695485413077,-0.0642502760980278,-0.028890502862632277,0.03854488592594862,0.6139730249531566,8.159652792663,1.8300173118782983,157,0.00872140293812762,1000,1719878606_98541_95
0.0005598287924937904,0.03388894844800234,0.03839617770165205,0.16751303486526015,0.4290283184498549,-0.5440832572989165,-0.030535584799945358,0.013374147079885006,0.6139730249531566,7.497961058775435,1.970999523817956,143,0.007591851262610649,1000,1719878652_98541_96
0.0009961115472763777,0.01062831338495016,0.02177322383970022,0.4154733039438725,0.47675679065287113,-0.7162015555426477,-0.04408929415047169,0.021621297895908356,0.06547282813116907,8.772293091254339,3.990296594206649,799,0.009053521599174275,1000,1719878703_98541_97
0.00028842958178371196,0.01062831338495016,0.02177322383970022,0.4154733039438725,0.47675679065287113,-0.7162015555426477,-0.04408929415047169,0.021621297895908356,0.06547282813116907,8.867525545555587,2.310003151804077,441,0.009151410240776925,1000,1719878752_98541_98
0.0009961115472763777,0.014726660735905171,0.02177322383970022,0.4154733039438725,0.47675679065287113,-0.7162015555426477,-0.04408929415047169,0.021621297895908356,0.06547282813116907,8.558924208688309,2.6669580217708817,573,0.008580271072973211,1000,1719878801_98541_99
0.0009961115472763777,0.01062831338495016,0.015212087407708168,0.4154733039438725,0.47675679065287113,-0.7162015555426477,-0.04408929415047169,0.021621297895908356,0.06547282813116907,9.102436093933402,3.74974009404381,808,0.009045925143547868,1000,1719878852_98541_100
0.0009961115472763777,0.01062831338495016,0.02177322383970022,0.42096388526260853,0.47675679065287113,-0.7162015555426477,-0.04408929415047169,0.021621297895908356,0.06547282813116907,8.790203904648989,3.7549680850286333,770,0.008880663102126207,1000,1719878903_98541_101
0.0009961115472763777,0.01062831338495016,0.02177322383970022,0.4154733039438725,0.1433044407516718,-0.7162015555426477,-0.04408929415047169,0.021621297895908356,0.06547282813116907,10.222337326547406,3.473168632077199,936,0.010141120446862217,1000,1719878956_98541_102
0.0009961115472763777,0.01062831338495016,0.02177322383970022,0.4154733039438725,0.47675679065287113,-0.15435517402365806,-0.04408929415047169,0.021621297895908356,0.06547282813116907,9.197766280885393,3.970995452112985,806,0.008994345141619564,1000,1719879006_98541_103
0.0009961115472763777,0.01062831338495016,0.02177322383970022,0.4154733039438725,0.47675679065287113,-0.7162015555426477,-0.022920259423553947,0.021621297895908356,0.06547282813116907,9.71955952246967,3.8688644790474624,876,0.009667570410378579,1000,1719879058_98541_104
0.0009961115472763777,0.01062831338495016,0.02177322383970022,0.4154733039438725,0.47675679065287113,-0.7162015555426477,-0.04408929415047169,0.045941680893301966,0.06547282813116907,8.772293091254339,3.990296594206649,799,0.009053521599174275,1000,1719879110_98541_105
0.0009961115472763777,0.01062831338495016,0.02177322383970022,0.4154733039438725,0.47675679065287113,-0.7162015555426477,-0.04408929415047169,0.021621297895908356,0.050097601395100354,9.577597160893104,3.956688096400651,863,0.009578919311696805,1000,1719879162_98541_106
0.00028842958178371196,0.014726660735905171,0.015212087407708168,0.42096388526260853,0.1433044407516718,-0.15435517402365806,-0.022920259423553947,0.045941680893301966,0.050097601395100354,10.027841518847708,1.880573229535017,500,0.010364321249044961,1000,1719879210_98541_107
0.0007033031467162073,0.044594982005655766,0.042841406352818016,0.23997238017618658,0.33463633619248867,-0.6018121316563338,-0.01469825431704521,0.015382082909345628,0.3739132511429488,7.559094795620418,1.7627373609170671,114,0.007798236648022319,1000,1719879257_98541_108
0.00010709289520978927,0.044594982005655766,0.042841406352818016,0.23997238017618658,0.33463633619248867,-0.6018121316563338,-0.01469825431704521,0.015382082909345628,0.3739132511429488,0.0,0.8538401438515959,0,-0.0017750858733016628,1000,1719879299_98541_109
0.0007033031467162073,0.02709559924900532,0.042841406352818016,0.23997238017618658,0.33463633619248867,-0.6018121316563338,-0.01469825431704521,0.015382082909345628,0.3739132511429488,7.9828290729706435,1.8108421387425442,186,0.008157927434420231,1000,1719879344_98541_110
0.0007033031467162073,0.044594982005655766,0.02157361339777708,0.23997238017618658,0.33463633619248867,-0.6018121316563338,-0.01469825431704521,0.015382082909345628,0.3739132511429488,7.086880713992467,1.890724085612778,167,0.007148813331200546,1000,1719879387_98541_111
0.0007033031467162073,0.044594982005655766,0.042841406352818016,0.2383967932313681,0.33463633619248867,-0.6018121316563338,-0.01469825431704521,0.015382082909345628,0.3739132511429488,7.446062458507996,1.6839282535947686,108,0.007716719526647921,1000,1719879431_98541_112
0.0007033031467162073,0.044594982005655766,0.042841406352818016,0.23997238017618658,0.39054053500294683,-0.6018121316563338,-0.01469825431704521,0.015382082909345628,0.3739132511429488,7.514813106877987,1.709002625233793,117,0.00795667172330063,1000,1719879473_98541_113
0.0007033031467162073,0.044594982005655766,0.042841406352818016,0.23997238017618658,0.33463633619248867,-0.36688975808210667,-0.01469825431704521,0.015382082909345628,0.3739132511429488,7.496299211968697,1.702240055415368,107,0.007816272254796752,1000,1719879512_98541_114
0.0007033031467162073,0.044594982005655766,0.042841406352818016,0.23997238017618658,0.33463633619248867,-0.6018121316563338,-0.040676055997610094,0.015382082909345628,0.3739132511429488,7.318985571806142,1.6927262480788399,98,0.007628602885949132,1000,1719879542_98541_115
0.0007033031467162073,0.044594982005655766,0.042841406352818016,0.23997238017618658,0.33463633619248867,-0.6018121316563338,-0.01469825431704521,0.03440271236002445,0.3739132511429488,7.524241472967992,1.685551868828515,107,0.007878764586320603,1000,1719879570_98541_116
0.0007033031467162073,0.044594982005655766,0.042841406352818016,0.23997238017618658,0.33463633619248867,-0.6018121316563338,-0.01469825431704521,0.015382082909345628,0.8355119921267032,6.132476079941656,1.6180119128878436,92,0.006243731853366036,1000,1719879598_98541_117
